- EJEMPLO 4
INSERT INTO CLIENTES VALUES ('55298187-2', 'Cliente4', '2213-5028');
INSERT INTO HABITACIONES VALUES (104, 'Doble', 100);

-- DATO RESERVA
INSERT INTO RESERVAS VALUES (
  40,
  TO_DATE('2025-06-27', 'YYYY-MM-DD'),
  TO_DATE('2025-06-26', 'YYYY-MM-DD'),
  '55298187-2',
  104
);

-- DATO PAGOS
INSERT INTO PAGOS VALUES (
  80,
  40,
  TO_DATE('2025-06-26', 'YYYY-MM-DD'),
  'Transferencia',
  78.94
);

-- EJEMPLO 5
INSERT INTO CLIENTES VALUES ('48015130-1', 'Cliente5', '2248-7274');
INSERT INTO HABITACIONES VALUES (105, 'Individual', 80);

-- DATO RESERVA
INSERT INTO RESERVAS VALUES (
  50,
  TO_DATE('2025-06-04', 'YYYY-MM-DD'),
  TO_DATE('2025-05-30', 'YYYY-MM-DD'),
  '48015130-1',
  105
);

-- DATO PAGOS
INSERT INTO PAGOS VALUES (
  100,
  50,
  TO_DATE('2025-06-03', 'YYYY-MM-DD'),
  'Efectivo',
  120.95
);

-- EJEMPLO 6
INSERT INTO CLIENTES VALUES ('66039357-2', 'Cliente6', '2289-1700');
INSERT INTO HABITACIONES VALUES (106, 'Doble', 100);

-- DATO RESERVA
INSERT INTO RESERVAS VALUES (
  60,
  TO_DATE('2025-06-21', 'YYYY-MM-DD'),
  TO_DATE('2025-06-19', 'YYYY-MM-DD'),
  '66039357-2',
  106
);

-- DATO PAGOS
INSERT INTO PAGOS VALUES (
  120,
  60,
  TO_DATE('2025-06-20', 'YYYY-MM-DD'),
  'Transferencia',
  134.1
);

-- EJEMPLO 7
INSERT INTO CLIENTES VALUES ('26723929-1', 'Cliente7', '2224-3551');
INSERT INTO HABITACIONES VALUES (107, 'Individual', 50);

-- DATO RESERVA
INSERT INTO RESERVAS VALUES (
  70,
  TO_DATE('2025-06-20', 'YYYY-MM-DD'),
  TO_DATE('2025-06-18', 'YYYY-MM-DD'),
  '26723929-1',
  107
);

-- DATO PAGOS
INSERT INTO PAGOS VALUES (
  140,
  70,
  TO_DATE('2025-06-19', 'YYYY-MM-DD'),
  'Transferencia',
  158.84
);

-- EJEMPLO 8
INSERT INTO CLIENTES VALUES ('91170740-3', 'Cliente8', '2230-6839');
INSERT INTO HABITACIONES VALUES (108, 'Doble', 120);

-- DATO RESERVA
INSERT INTO RESERVAS VALUES (
  80,
  TO_DATE('2025-06-02', 'YYYY-MM-DD'),
  TO_DATE('2025-05-29', 'YYYY-MM-DD'),
  '91170740-3',
  108
);

-- DATO PAGOS
INSERT INTO PAGOS VALUES (
  160,
  80,
  TO_DATE('2025-06-01', 'YYYY-MM-DD'),
  'Transferencia',
  56.51
);


--segunda ronda de datos
-- EJEMPLO 9
INSERT INTO CLIENTES VALUES ('72790323-5', 'Cliente9', '2282-7361');
INSERT INTO HABITACIONES VALUES (109, 'Individual', 50);

-- DATO RESERVA
INSERT INTO RESERVAS VALUES (
  90,
  TO_DATE('2025-06-27', 'YYYY-MM-DD'),
  TO_DATE('2025-06-26', 'YYYY-MM-DD'),
  '72790323-5',
  109
);

-- DATO PAGOS
INSERT INTO PAGOS VALUES (
  180,
  90,
  TO_DATE('2025-06-26', 'YYYY-MM-DD'),
  'Transferencia',
  76.77
);

-- EJEMPLO 10
INSERT INTO CLIENTES VALUES ('87593471-1', 'Cliente10', '2279-4112');
INSERT INTO HABITACIONES VALUES (110, 'Doble', 80);

-- DATO RESERVA
INSERT INTO RESERVAS VALUES (
  100,
  TO_DATE('2025-06-30', 'YYYY-MM-DD'),
  TO_DATE('2025-06-29', 'YYYY-MM-DD'),
  '87593471-1',
  110
);

-- DATO PAGOS
INSERT INTO PAGOS VALUES (
  200,
  100,
  TO_DATE('2025-06-29', 'YYYY-MM-DD'),
  'Transferencia',
  101.72
);

-- EJEMPLO 11
INSERT INTO CLIENTES VALUES ('75613865-6', 'Cliente11', '2272-2707');
INSERT INTO HABITACIONES VALUES (111, 'Individual', 80);

-- DATO RESERVA
INSERT INTO RESERVAS VALUES (
  110,
  TO_DATE('2025-06-16', 'YYYY-MM-DD'),
  TO_DATE('2025-06-13', 'YYYY-MM-DD'),
  '75613865-6',
  111
);

-- DATO PAGOS
INSERT INTO PAGOS VALUES (
  220,
  110,
  TO_DATE('2025-06-15', 'YYYY-MM-DD'),
  'Efectivo',
  138.34
);

-- EJEMPLO 12
INSERT INTO CLIENTES VALUES ('50002807-6', 'Cliente12', '2248-8082');
INSERT INTO HABITACIONES VALUES (112, 'Individual', 120);

-- DATO RESERVA
INSERT INTO RESERVAS VALUES (
  120,
  TO_DATE('2025-06-19', 'YYYY-MM-DD'),
  TO_DATE('2025-06-15', 'YYYY-MM-DD'),
  '50002807-6',
  112
);

-- DATO PAGOS
INSERT INTO PAGOS VALUES (
  240,
  120,
  TO_DATE('2025-06-18', 'YYYY-MM-DD'),
  'Efectivo',
  70.84
);

-- EJEMPLO 13
INSERT INTO CLIENTES VALUES ('24329263-6', 'Cliente13', '2213-1033');
INSERT INTO HABITACIONES VALUES (113, 'Doble', 100);

-- DATO RESERVA
INSERT INTO RESERVAS VALUES (
  130,
  TO_DATE('2025-06-17', 'YYYY-MM-DD'),
  TO_DATE('2025-06-14', 'YYYY-MM-DD'),
  '24329263-6',
  113
);

-- DATO PAGOS
INSERT INTO PAGOS VALUES (
  260,
  130,
  TO_DATE('2025-06-16', 'YYYY-MM-DD'),
  'Transferencia',
  180.98
);

--------------------------------------------------------------------tercera rronda de datos 

-- EJEMPLO 14
INSERT INTO CLIENTES VALUES ('83407661-3', 'Cliente14', '2265-6372');
INSERT INTO HABITACIONES VALUES (114, 'Doble', 50);

-- DATO RESERVA
INSERT INTO RESERVAS VALUES (
  140,
  TO_DATE('2025-06-16', 'YYYY-MM-DD'),
  TO_DATE('2025-06-13', 'YYYY-MM-DD'),
  '83407661-3',
  114
);

-- DATO PAGOS
INSERT INTO PAGOS VALUES (
  280,
  140,
  TO_DATE('2025-06-15', 'YYYY-MM-DD'),
  'Transferencia',
  75.58
);

-- EJEMPLO 15
INSERT INTO CLIENTES VALUES ('76539038-3', 'Cliente15', '2213-6732');
INSERT INTO HABITACIONES VALUES (115, 'Doble', 100);

-- DATO RESERVA
INSERT INTO RESERVAS VALUES (
  150,
  TO_DATE('2025-06-28', 'YYYY-MM-DD'),
  TO_DATE('2025-06-25', 'YYYY-MM-DD'),
  '76539038-3',
  115
);

-- DATO PAGOS
INSERT INTO PAGOS VALUES (
  300,
  150,
  TO_DATE('2025-06-27', 'YYYY-MM-DD'),
  'Efectivo',
  144.07
);

-- EJEMPLO 16
INSERT INTO CLIENTES VALUES ('66840781-4', 'Cliente16', '2238-7051');
INSERT INTO HABITACIONES VALUES (116, 'Suite', 80);

-- DATO RESERVA
INSERT INTO RESERVAS VALUES (
  160,
  TO_DATE('2025-06-22', 'YYYY-MM-DD'),
  TO_DATE('2025-06-21', 'YYYY-MM-DD'),
  '66840781-4',
  116
);

-- DATO PAGOS
INSERT INTO PAGOS VALUES (
  320,
  160,
  TO_DATE('2025-06-21', 'YYYY-MM-DD'),
  'Efectivo',
  150.93
);

-- EJEMPLO 17
INSERT INTO CLIENTES VALUES ('61301699-7', 'Cliente17', '2231-1376');
INSERT INTO HABITACIONES VALUES (117, 'Individual', 50);

-- DATO RESERVA
INSERT INTO RESERVAS VALUES (
  170,
  TO_DATE('2025-06-22', 'YYYY-MM-DD'),
  TO_DATE('2025-06-17', 'YYYY-MM-DD'),
  '61301699-7',
  117
);

-- DATO PAGOS
INSERT INTO PAGOS VALUES (
  340,
  170,
  TO_DATE('2025-06-21', 'YYYY-MM-DD'),
  'Efectivo',
  65.09
);

-- EJEMPLO 18
INSERT INTO CLIENTES VALUES ('18620770-2', 'Cliente18', '2287-4333');
INSERT INTO HABITACIONES VALUES (118, 'Individual', 120);

-- DATO RESERVA
INSERT INTO RESERVAS VALUES (
  180,
  TO_DATE('2025-06-11', 'YYYY-MM-DD'),
  TO_DATE('2025-06-10', 'YYYY-MM-DD'),
  '18620770-2',
  118
);

-- DATO PAGOS
INSERT INTO PAGOS VALUES (
  360,
  180,
  TO_DATE('2025-06-10', 'YYYY-MM-DD'),
  'Transferencia',
  94.49
);

-----------------------------------------------------------------------------------cuarta ronda de datos 
-- EJEMPLO 19
INSERT INTO CLIENTES VALUES ('76157607-0', 'Cliente19', '2222-1763');
INSERT INTO HABITACIONES VALUES (119, 'Doble', 80);

-- DATO RESERVA
INSERT INTO RESERVAS VALUES (
  190,
  TO_DATE('2025-06-18', 'YYYY-MM-DD'),
  TO_DATE('2025-06-16', 'YYYY-MM-DD'),
  '76157607-0',
  119
);

-- DATO PAGOS
INSERT INTO PAGOS VALUES (
  380,
  190,
  TO_DATE('2025-06-17', 'YYYY-MM-DD'),
  'Efectivo',
  51.89
);

-- EJEMPLO 20
INSERT INTO CLIENTES VALUES ('39375357-3', 'Cliente20', '2287-3812');
INSERT INTO HABITACIONES VALUES (120, 'Suite', 100);

-- DATO RESERVA
INSERT INTO RESERVAS VALUES (
  200,
  TO_DATE('2025-06-21', 'YYYY-MM-DD'),
  TO_DATE('2025-06-20', 'YYYY-MM-DD'),
  '39375357-3',
  120
);

-- DATO PAGOS
INSERT INTO PAGOS VALUES (
  400,
  200,
  TO_DATE('2025-06-20', 'YYYY-MM-DD'),
  'Transferencia',
  79.45
);

-- EJEMPLO 21
INSERT INTO CLIENTES VALUES ('65416804-2', 'Cliente21', '2236-8681');
INSERT INTO HABITACIONES VALUES (121, 'Doble', 120);

-- DATO RESERVA
INSERT INTO RESERVAS VALUES (
  210,
  TO_DATE('2025-06-26', 'YYYY-MM-DD'),
  TO_DATE('2025-06-24', 'YYYY-MM-DD'),
  '65416804-2',
  121
);

-- DATO PAGOS
INSERT INTO PAGOS VALUES (
  420,
  210,
  TO_DATE('2025-06-25', 'YYYY-MM-DD'),
  'Efectivo',
  96.74
);

-- EJEMPLO 22
INSERT INTO CLIENTES VALUES ('42384292-8', 'Cliente22', '2298-6332');
INSERT INTO HABITACIONES VALUES (122, 'Suite', 50);

-- DATO RESERVA
INSERT INTO RESERVAS VALUES (
  220,
  TO_DATE('2025-06-18', 'YYYY-MM-DD'),
  TO_DATE('2025-06-15', 'YYYY-MM-DD'),
  '42384292-8',
  122
);

-- DATO PAGOS
INSERT INTO PAGOS VALUES (
  440,
  220,
  TO_DATE('2025-06-17', 'YYYY-MM-DD'),
  'Transferencia',
  117.98
);

-- EJEMPLO 23
INSERT INTO CLIENTES VALUES ('19960532-6', 'Cliente23', '2267-4745');
INSERT INTO HABITACIONES VALUES (123, 'Individual', 80);

-- DATO RESERVA
INSERT INTO RESERVAS VALUES (
  230,
  TO_DATE('2025-06-20', 'YYYY-MM-DD'),
  TO_DATE('2025-06-16', 'YYYY-MM-DD'),
  '19960532-6',
  123
);

-- DATO PAGOS
INSERT INTO PAGOS VALUES (
  460,
  230,
  TO_DATE('2025-06-19', 'YYYY-MM-DD'),
  'Efectivo',
  77.15
);

---------------------------------------------------------------------------------cuarta ronda de datos 
- EJEMPLO 24
INSERT INTO CLIENTES VALUES ('41244539-4', 'Cliente24', '2245-7905');
INSERT INTO HABITACIONES VALUES (124, 'Doble', 120);

-- DATO RESERVA
INSERT INTO RESERVAS VALUES (
  240,
  TO_DATE('2025-06-19', 'YYYY-MM-DD'),
  TO_DATE('2025-06-14', 'YYYY-MM-DD'),
  '41244539-4',
  124
);

-- DATO PAGOS
INSERT INTO PAGOS VALUES (
  480,
  240,
  TO_DATE('2025-06-18', 'YYYY-MM-DD'),
  'Transferencia',
  158.3
);

-- EJEMPLO 25
INSERT INTO CLIENTES VALUES ('41873897-0', 'Cliente25', '2278-5109');
INSERT INTO HABITACIONES VALUES (125, 'Suite', 80);

-- DATO RESERVA
INSERT INTO RESERVAS VALUES (
  250,
  TO_DATE('2025-06-13', 'YYYY-MM-DD'),
  TO_DATE('2025-06-12', 'YYYY-MM-DD'),
  '41873897-0',
  125
);

-- DATO PAGOS
INSERT INTO PAGOS VALUES (
  500,
  250,
  TO_DATE('2025-06-12', 'YYYY-MM-DD'),
  'Efectivo',
  116.74
);

-- EJEMPLO 26
INSERT INTO CLIENTES VALUES ('46523262-3', 'Cliente26', '2246-2964');
INSERT INTO HABITACIONES VALUES (126, 'Doble', 120);

-- DATO RESERVA
INSERT INTO RESERVAS VALUES (
  260,
  TO_DATE('2025-06-08', 'YYYY-MM-DD'),
  TO_DATE('2025-06-05', 'YYYY-MM-DD'),
  '46523262-3',
  126
);

-- DATO PAGOS
INSERT INTO PAGOS VALUES (
  520,
  260,
  TO_DATE('2025-06-07', 'YYYY-MM-DD'),
  'Transferencia',
  76.15
);

-- EJEMPLO 27
INSERT INTO CLIENTES VALUES ('72481053-1', 'Cliente27', '2217-7085');
INSERT INTO HABITACIONES VALUES (127, 'Doble', 50);

-- DATO RESERVA
INSERT INTO RESERVAS VALUES (
  270,
  TO_DATE('2025-06-13', 'YYYY-MM-DD'),
  TO_DATE('2025-06-08', 'YYYY-MM-DD'),
  '72481053-1',
  127
);

-- DATO PAGOS
INSERT INTO PAGOS VALUES (
  540,
  270,
  TO_DATE('2025-06-12', 'YYYY-MM-DD'),
  'Transferencia',
  134.53
);

-- EJEMPLO 28
INSERT INTO CLIENTES VALUES ('12381880-9', 'Cliente28', '2224-7248');
INSERT INTO HABITACIONES VALUES (128, 'Individual', 80);

-- DATO RESERVA
INSERT INTO RESERVAS VALUES (
  280,
  TO_DATE('2025-06-12', 'YYYY-MM-DD'),
  TO_DATE('2025-06-09', 'YYYY-MM-DD'),
  '12381880-9',
  128
);

-- DATO PAGOS
INSERT INTO PAGOS VALUES (
  560,
  280,
  TO_DATE('2025-06-11', 'YYYY-MM-DD'),
  'Transferencia',
  179.35
);

----------------------------------------------------------------------quinta ronda de datos 
- EJEMPLO 29
INSERT INTO CLIENTES VALUES ('59142315-3', 'Cliente29', '2258-4116');
INSERT INTO HABITACIONES VALUES (129, 'Suite', 100);

-- DATO RESERVA
INSERT INTO RESERVAS VALUES (
  290,
  TO_DATE('2025-06-24', 'YYYY-MM-DD'),
  TO_DATE('2025-06-22', 'YYYY-MM-DD'),
  '59142315-3',
  129
);

-- DATO PAGOS
INSERT INTO PAGOS VALUES (
  580,
  290,
  TO_DATE('2025-06-23', 'YYYY-MM-DD'),
  'Transferencia',
  192.74
);

-- EJEMPLO 30
INSERT INTO CLIENTES VALUES ('24887163-9', 'Cliente30', '2281-1802');
INSERT INTO HABITACIONES VALUES (130, 'Suite', 80);

-- DATO RESERVA
INSERT INTO RESERVAS VALUES (
  300,
  TO_DATE('2025-06-20', 'YYYY-MM-DD'),
  TO_DATE('2025-06-17', 'YYYY-MM-DD'),
  '24887163-9',
  130
);

-- DATO PAGOS
INSERT INTO PAGOS VALUES (
  600,
  300,
  TO_DATE('2025-06-19', 'YYYY-MM-DD'),
  'Transferencia',
  70.63
);

-- EJEMPLO 31
INSERT INTO CLIENTES VALUES ('99146995-7', 'Cliente31', '2221-9885');
INSERT INTO HABITACIONES VALUES (131, 'Doble', 50);

-- DATO RESERVA
INSERT INTO RESERVAS VALUES (
  310,
  TO_DATE('2025-06-05', 'YYYY-MM-DD'),
  TO_DATE('2025-06-03', 'YYYY-MM-DD'),
  '99146995-7',
  131
);

-- DATO PAGOS
INSERT INTO PAGOS VALUES (
  620,
  310,
  TO_DATE('2025-06-04', 'YYYY-MM-DD'),
  'Efectivo',
  53.53
);

-- EJEMPLO 32
INSERT INTO CLIENTES VALUES ('76714303-5', 'Cliente32', '2262-8111');
INSERT INTO HABITACIONES VALUES (132, 'Individual', 120);

-- DATO RESERVA
INSERT INTO RESERVAS VALUES (
  320,
  TO_DATE('2025-06-10', 'YYYY-MM-DD'),
  TO_DATE('2025-06-09', 'YYYY-MM-DD'),
  '76714303-5',
  132
);

-- DATO PAGOS
INSERT INTO PAGOS VALUES (
  640,
  320,
  TO_DATE('2025-06-09', 'YYYY-MM-DD'),
  'Transferencia',
  162.32
);

-- EJEMPLO 33
INSERT INTO CLIENTES VALUES ('40616496-6', 'Cliente33', '2250-7206');
INSERT INTO HABITACIONES VALUES (133, 'Individual', 120);

-- DATO RESERVA
INSERT INTO RESERVAS VALUES (
  330,
  TO_DATE('2025-06-12', 'YYYY-MM-DD'),
  TO_DATE('2025-06-08', 'YYYY-MM-DD'),
  '40616496-6',
  133
);

-- DATO PAGOS
INSERT INTO PAGOS VALUES (
  660,
  330,
  TO_DATE('2025-06-11', 'YYYY-MM-DD'),
  'Efectivo',
  145.27
);

--------------------------------------------------------------------------------------septima ronda de datos 
- EJEMPLO 34
INSERT INTO CLIENTES VALUES ('80740558-0', 'Cliente34', '2272-2792');
INSERT INTO HABITACIONES VALUES (134, 'Doble', 50);

-- DATO RESERVA
INSERT INTO RESERVAS VALUES (
  340,
  TO_DATE('2025-06-04', 'YYYY-MM-DD'),
  TO_DATE('2025-05-31', 'YYYY-MM-DD'),
  '80740558-0',
  134
);

-- DATO PAGOS
INSERT INTO PAGOS VALUES (
  680,
  340,
  TO_DATE('2025-06-03', 'YYYY-MM-DD'),
  'Transferencia',
  95.56
);

-- EJEMPLO 35
INSERT INTO CLIENTES VALUES ('81848630-2', 'Cliente35', '2293-8463');
INSERT INTO HABITACIONES VALUES (135, 'Suite', 80);

-- DATO RESERVA
INSERT INTO RESERVAS VALUES (
  350,
  TO_DATE('2025-06-19', 'YYYY-MM-DD'),
  TO_DATE('2025-06-15', 'YYYY-MM-DD'),
  '81848630-2',
  135
);

-- DATO PAGOS
INSERT INTO PAGOS VALUES (
  700,
  350,
  TO_DATE('2025-06-18', 'YYYY-MM-DD'),
  'Efectivo',
  79.24
);

-- EJEMPLO 36
INSERT INTO CLIENTES VALUES ('12480629-7', 'Cliente36', '2295-6014');
INSERT INTO HABITACIONES VALUES (136, 'Individual', 120);

-- DATO RESERVA
INSERT INTO RESERVAS VALUES (
  360,
  TO_DATE('2025-06-06', 'YYYY-MM-DD'),
  TO_DATE('2025-06-03', 'YYYY-MM-DD'),
  '12480629-7',
  136
);

-- DATO PAGOS
INSERT INTO PAGOS VALUES (
  720,
  360,
  TO_DATE('2025-06-05', 'YYYY-MM-DD'),
  'Transferencia',
  183.82
);

-- EJEMPLO 37
INSERT INTO CLIENTES VALUES ('80028113-4', 'Cliente37', '2289-2898');
INSERT INTO HABITACIONES VALUES (137, 'Suite', 50);

-- DATO RESERVA
INSERT INTO RESERVAS VALUES (
  370,
  TO_DATE('2025-06-11', 'YYYY-MM-DD'),
  TO_DATE('2025-06-07', 'YYYY-MM-DD'),
  '80028113-4',
  137
);

-- DATO PAGOS
INSERT INTO PAGOS VALUES (
  740,
  370,
  TO_DATE('2025-06-10', 'YYYY-MM-DD'),
  'Transferencia',
  59.1
);

-- EJEMPLO 38
INSERT INTO CLIENTES VALUES ('96698197-1', 'Cliente38', '2229-2737');
INSERT INTO HABITACIONES VALUES (138, 'Individual', 100);

-- DATO RESERVA
INSERT INTO RESERVAS VALUES (
  380,
  TO_DATE('2025-06-06', 'YYYY-MM-DD'),
  TO_DATE('2025-06-04', 'YYYY-MM-DD'),
  '96698197-1',
  138
);

-- DATO PAGOS
INSERT INTO PAGOS VALUES (
  760,
  380,
  TO_DATE('2025-06-05', 'YYYY-MM-DD'),
  'Transferencia',
  67.55
);


------------------------------------------------------------------------------------------octava ronda de datos 
- EJEMPLO 39
INSERT INTO CLIENTES VALUES ('95944320-4', 'Cliente39', '2283-9045');
INSERT INTO HABITACIONES VALUES (139, 'Individual', 80);

-- DATO RESERVA
INSERT INTO RESERVAS VALUES (
  390,
  TO_DATE('2025-06-18', 'YYYY-MM-DD'),
  TO_DATE('2025-06-13', 'YYYY-MM-DD'),
  '95944320-4',
  139
);

-- DATO PAGOS
INSERT INTO PAGOS VALUES (
  780,
  390,
  TO_DATE('2025-06-17', 'YYYY-MM-DD'),
  'Efectivo',
  193.68
);

-- EJEMPLO 40
INSERT INTO CLIENTES VALUES ('30641940-9', 'Cliente40', '2256-8018');
INSERT INTO HABITACIONES VALUES (140, 'Doble', 120);

-- DATO RESERVA
INSERT INTO RESERVAS VALUES (
  400,
  TO_DATE('2025-06-08', 'YYYY-MM-DD'),
  TO_DATE('2025-06-04', 'YYYY-MM-DD'),
  '30641940-9',
  140
);

-- DATO PAGOS
INSERT INTO PAGOS VALUES (
  800,
  400,
  TO_DATE('2025-06-07', 'YYYY-MM-DD'),
  'Transferencia',
  121.49
);

-- EJEMPLO 41
INSERT INTO CLIENTES VALUES ('69821973-8', 'Cliente41', '2253-8606');
INSERT INTO HABITACIONES VALUES (141, 'Suite', 120);

-- DATO RESERVA
INSERT INTO RESERVAS VALUES (
  410,
  TO_DATE('2025-06-24', 'YYYY-MM-DD'),
  TO_DATE('2025-06-23', 'YYYY-MM-DD'),
  '69821973-8',
  141
);

-- DATO PAGOS
INSERT INTO PAGOS VALUES (
  820,
  410,
  TO_DATE('2025-06-23', 'YYYY-MM-DD'),
  'Efectivo',
  141.16
);

-- EJEMPLO 42
INSERT INTO CLIENTES VALUES ('46005159-4', 'Cliente42', '2244-6913');
INSERT INTO HABITACIONES VALUES (142, 'Individual', 50);

-- DATO RESERVA
INSERT INTO RESERVAS VALUES (
  420,
  TO_DATE('2025-06-28', 'YYYY-MM-DD'),
  TO_DATE('2025-06-27', 'YYYY-MM-DD'),
  '46005159-4',
  142
);

-- DATO PAGOS
INSERT INTO PAGOS VALUES (
  840,
  420,
  TO_DATE('2025-06-27', 'YYYY-MM-DD'),
  'Efectivo',
  129.58
);

-- EJEMPLO 43
INSERT INTO CLIENTES VALUES ('95022083-2', 'Cliente43', '2270-7561');
INSERT INTO HABITACIONES VALUES (143, 'Suite', 50);

-- DATO RESERVA
INSERT INTO RESERVAS VALUES (
  430,
  TO_DATE('2025-06-20', 'YYYY-MM-DD'),
  TO_DATE('2025-06-16', 'YYYY-MM-DD'),
  '95022083-2',
  143
);

-- DATO PAGOS
INSERT INTO PAGOS VALUES (
  860,
  430,
  TO_DATE('2025-06-19', 'YYYY-MM-DD'),
  'Efectivo',
  128.81
);

----------------------------------------------------------------------------novena entrada de datos 
- EJEMPLO 44
INSERT INTO CLIENTES VALUES ('73352650-0', 'Cliente44', '2293-7818');
INSERT INTO HABITACIONES VALUES (144, 'Individual', 50);

-- DATO RESERVA
INSERT INTO RESERVAS VALUES (
  440,
  TO_DATE('2025-06-22', 'YYYY-MM-DD'),
  TO_DATE('2025-06-19', 'YYYY-MM-DD'),
  '73352650-0',
  144
);

-- DATO PAGOS
INSERT INTO PAGOS VALUES (
  880,
  440,
  TO_DATE('2025-06-21', 'YYYY-MM-DD'),
  'Transferencia',
  182.9
);

-- EJEMPLO 45
INSERT INTO CLIENTES VALUES ('90054524-4', 'Cliente45', '2298-3358');
INSERT INTO HABITACIONES VALUES (145, 'Individual', 50);

-- DATO RESERVA
INSERT INTO RESERVAS VALUES (
  450,
  TO_DATE('2025-06-26', 'YYYY-MM-DD'),
  TO_DATE('2025-06-23', 'YYYY-MM-DD'),
  '90054524-4',
  145
);

-- DATO PAGOS
INSERT INTO PAGOS VALUES (
  900,
  450,
  TO_DATE('2025-06-25', 'YYYY-MM-DD'),
  'Efectivo',
  147.37
);

-- EJEMPLO 46
INSERT INTO CLIENTES VALUES ('38471749-4', 'Cliente46', '2289-8178');
INSERT INTO HABITACIONES VALUES (146, 'Individual', 120);

-- DATO RESERVA
INSERT INTO RESERVAS VALUES (
  460,
  TO_DATE('2025-06-16', 'YYYY-MM-DD'),
  TO_DATE('2025-06-15', 'YYYY-MM-DD'),
  '38471749-4',
  146
);

-- DATO PAGOS
INSERT INTO PAGOS VALUES (
  920,
  460,
  TO_DATE('2025-06-15', 'YYYY-MM-DD'),
  'Transferencia',
  189.91
);

-- EJEMPLO 47
INSERT INTO CLIENTES VALUES ('13254351-9', 'Cliente47', '2220-4124');
INSERT INTO HABITACIONES VALUES (147, 'Individual', 80);

-- DATO RESERVA
INSERT INTO RESERVAS VALUES (
  470,
  TO_DATE('2025-06-19', 'YYYY-MM-DD'),
  TO_DATE('2025-06-14', 'YYYY-MM-DD'),
  '13254351-9',
  147
);

-- DATO PAGOS
INSERT INTO PAGOS VALUES (
  940,
  470,
  TO_DATE('2025-06-18', 'YYYY-MM-DD'),
  'Transferencia',
  174.69
);

-- EJEMPLO 48
INSERT INTO CLIENTES VALUES ('42825484-8', 'Cliente48', '2271-3002');
INSERT INTO HABITACIONES VALUES (148, 'Suite', 100);

-- DATO RESERVA
INSERT INTO RESERVAS VALUES (
  480,
  TO_DATE('2025-06-17', 'YYYY-MM-DD'),
  TO_DATE('2025-06-13', 'YYYY-MM-DD'),
  '42825484-8',
  148
);

-- DATO PAGOS
INSERT INTO PAGOS VALUES (
  960,
  480,
  TO_DATE('2025-06-16', 'YYYY-MM-DD'),
  'Efectivo',
  182.14
);

---------------------------------------------------------------------------decima entrada de datos 
-- EJEMPLO 49
INSERT INTO CLIENTES VALUES ('68475160-2', 'Cliente49', '2271-9606');
INSERT INTO HABITACIONES VALUES (149, 'Doble', 50);

-- DATO RESERVA
INSERT INTO RESERVAS VALUES (
  490,
  TO_DATE('2025-06-02', 'YYYY-MM-DD'),
  TO_DATE('2025-05-31', 'YYYY-MM-DD'),
  '68475160-2',
  149
);

-- DATO PAGOS
INSERT INTO PAGOS VALUES (
  980,
  490,
  TO_DATE('2025-06-01', 'YYYY-MM-DD'),
  'Transferencia',
  195.34
);

-- EJEMPLO 50
INSERT INTO CLIENTES VALUES ('86495151-9', 'Cliente50', '2227-9067');
INSERT INTO HABITACIONES VALUES (150, 'Doble', 100);

-- DATO RESERVA
INSERT INTO RESERVAS VALUES (
  500,
  TO_DATE('2025-06-30', 'YYYY-MM-DD'),
  TO_DATE('2025-06-27', 'YYYY-MM-DD'),
  '86495151-9',
  150
);

-- DATO PAGOS
INSERT INTO PAGOS VALUES (
  1000,
  500,
  TO_DATE('2025-06-29', 'YYYY-MM-DD'),
  'Transferencia',
  194.3
);